# NEGIS parts of yelmox v1, drawn by hand by Ilaria Tabone (2024) on the v1 GRL-16KM grid
# (polar stereographic, 16 km): basin_sub 9.1, 9.2, 9.3 of GRL-16KM_BASINS-nasa-negis-three.nc
# (v1 ice_data, Greenland/GRL-16KM, file of 2024-11-20). One line per cell: x, y (km) of the cell
# centre, part (1 centre = 9.1, 2 south = 9.2, 3 north = 9.3). Read by Regions/negis.jl.
x,y,part
224,-1594,2
240,-1578,2
240,-1562,2
240,-1546,2
256,-1546,2
240,-1530,2
256,-1530,2
272,-1530,2
256,-1514,2
272,-1514,2
288,-1514,2
256,-1498,2
272,-1498,2
288,-1498,2
256,-1482,2
272,-1482,2
288,-1482,2
304,-1482,2
272,-1466,2
288,-1466,2
304,-1466,2
320,-1466,2
272,-1450,2
288,-1450,2
304,-1450,2
320,-1450,2
560,-1450,1
288,-1434,2
304,-1434,2
320,-1434,2
336,-1434,2
288,-1418,2
304,-1418,2
320,-1418,2
336,-1418,2
560,-1418,1
576,-1418,1
304,-1402,2
320,-1402,2
336,-1402,2
352,-1402,2
544,-1402,1
304,-1386,2
320,-1386,2
336,-1386,2
352,-1386,2
304,-1370,2
320,-1370,2
336,-1370,2
352,-1370,2
368,-1370,2
320,-1354,2
336,-1354,2
352,-1354,2
368,-1354,2
384,-1354,2
320,-1338,2
336,-1338,2
352,-1338,2
368,-1338,2
384,-1338,2
400,-1338,2
416,-1338,2
320,-1322,2
336,-1322,2
352,-1322,2
368,-1322,2
384,-1322,2
400,-1322,2
416,-1322,2
336,-1306,2
352,-1306,2
368,-1306,2
384,-1306,2
400,-1306,2
416,-1306,2
432,-1306,2
448,-1306,2
336,-1290,2
352,-1290,2
368,-1290,2
384,-1290,2
400,-1290,2
416,-1290,2
432,-1290,2
448,-1290,1
320,-1274,2
336,-1274,2
352,-1274,2
368,-1274,2
384,-1274,2
400,-1274,2
416,-1274,2
432,-1274,2
448,-1274,1
464,-1274,1
480,-1274,1
496,-1274,1
512,-1274,1
528,-1274,1
112,-1258,3
352,-1258,2
368,-1258,2
384,-1258,2
400,-1258,2
416,-1258,2
448,-1258,1
464,-1258,1
480,-1258,1
496,-1258,1
112,-1242,3
128,-1242,3
144,-1242,3
352,-1242,1
368,-1242,1
384,-1242,1
400,-1242,2
416,-1242,2
112,-1226,3
128,-1226,3
144,-1226,3
160,-1226,3
176,-1226,3
304,-1226,1
336,-1226,1
352,-1226,1
368,-1226,1
384,-1226,1
400,-1226,1
416,-1226,1
480,-1226,1
112,-1210,3
128,-1210,3
144,-1210,3
160,-1210,3
176,-1210,3
192,-1210,3
208,-1210,3
320,-1210,1
336,-1210,1
352,-1210,1
368,-1210,1
384,-1210,1
400,-1210,1
416,-1210,1
432,-1210,1
128,-1194,3
144,-1194,3
160,-1194,3
176,-1194,3
192,-1194,3
208,-1194,3
224,-1194,3
240,-1194,3
336,-1194,1
352,-1194,1
368,-1194,1
384,-1194,1
400,-1194,1
416,-1194,1
432,-1194,1
144,-1178,3
160,-1178,3
176,-1178,3
192,-1178,3
208,-1178,3
224,-1178,3
240,-1178,3
256,-1178,3
368,-1178,1
384,-1178,1
400,-1178,1
416,-1178,1
432,-1178,1
448,-1178,1
176,-1162,3
192,-1162,3
208,-1162,3
224,-1162,3
240,-1162,3
256,-1162,3
272,-1162,3
288,-1162,3
400,-1162,1
416,-1162,1
432,-1162,1
448,-1162,1
192,-1146,3
208,-1146,3
224,-1146,3
240,-1146,3
256,-1146,3
272,-1146,3
288,-1146,3
304,-1146,3
320,-1146,3
416,-1146,1
432,-1146,1
448,-1146,1
464,-1146,1
224,-1130,3
240,-1130,3
256,-1130,3
272,-1130,3
288,-1130,3
304,-1130,3
320,-1130,3
336,-1130,1
352,-1130,1
416,-1130,1
432,-1130,1
448,-1130,1
464,-1130,1
480,-1130,1
272,-1114,3
288,-1114,3
304,-1114,1
320,-1114,1
336,-1114,1
352,-1114,1
368,-1114,1
384,-1114,1
400,-1114,1
416,-1114,1
432,-1114,1
448,-1114,1
464,-1114,1
480,-1114,1
320,-1098,1
336,-1098,1
352,-1098,1
368,-1098,1
384,-1098,1
400,-1098,1
416,-1098,1
432,-1098,1
448,-1098,1
464,-1098,1
480,-1098,1
496,-1098,1
416,-1082,1
432,-1082,1
448,-1082,1
432,-1066,1
448,-1066,1
448,-1050,1
464,-1050,1
464,-1034,1
